timestamp,flight_id,price_brl
2026-03-26T16:25:46+00:00,sep13,N/A
2026-03-26T16:25:52+00:00,sep14,1697
2026-03-26T16:25:58+00:00,sep15,1556
2026-03-26T16:30:07+00:00,sep13,N/A
2026-03-26T16:30:13+00:00,sep14,8879
2026-03-26T16:30:20+00:00,sep15,8144
2026-03-26T17:19:17+00:00,sep13,N/A
2026-03-26T17:19:23+00:00,sep14,8879
2026-03-26T17:19:29+00:00,sep15,8144
2026-03-26T19:00:31+00:00,sep13,N/A
2026-03-26T19:00:37+00:00,sep14,8879
2026-03-26T19:00:42+00:00,sep15,8499
2026-03-26T20:00:31+00:00,sep13,N/A
2026-03-26T20:00:36+00:00,sep14,8879
2026-03-26T20:00:42+00:00,sep15,8499
2026-03-26T21:00:36+00:00,sep13,N/A
2026-03-26T21:00:41+00:00,sep14,8643
2026-03-26T21:00:47+00:00,sep15,8499
2026-03-26T22:00:33+00:00,sep13,N/A
2026-03-26T22:00:38+00:00,sep14,8643
2026-03-26T22:00:44+00:00,sep15,8499
2026-03-26T23:00:44+00:00,sep13,N/A
2026-03-26T23:00:49+00:00,sep14,8643
2026-03-26T23:00:55+00:00,sep15,8499
2026-03-27T00:00:34+00:00,sep13,N/A
2026-03-27T00:00:40+00:00,sep14,8643
2026-03-27T00:00:45+00:00,sep15,8499
2026-03-27T01:00:32+00:00,sep13,N/A
2026-03-27T01:00:37+00:00,sep14,8643
2026-03-27T01:00:43+00:00,sep15,8499
2026-03-27T02:00:28+00:00,sep13,N/A
2026-03-27T02:00:33+00:00,sep14,8643
2026-03-27T02:00:39+00:00,sep15,8499
2026-03-27T03:00:29+00:00,sep13,N/A
2026-03-27T03:00:35+00:00,sep14,8643
2026-03-27T03:00:40+00:00,sep15,8499
2026-03-27T04:00:31+00:00,sep13,N/A
2026-03-27T04:00:36+00:00,sep14,8648
2026-03-27T04:00:42+00:00,sep15,8504
2026-03-27T05:00:33+00:00,sep13,N/A
2026-03-27T05:00:39+00:00,sep14,8648
2026-03-27T05:00:44+00:00,sep15,8504
2026-03-27T06:00:34+00:00,sep13,N/A
2026-03-27T06:00:39+00:00,sep14,8648
2026-03-27T06:00:45+00:00,sep15,8504
2026-03-27T07:00:33+00:00,sep13,N/A
2026-03-27T07:00:38+00:00,sep14,8648
2026-03-27T07:00:44+00:00,sep15,8504
2026-03-27T08:00:32+00:00,sep13,N/A
2026-03-27T08:00:37+00:00,sep14,8648
2026-03-27T08:00:43+00:00,sep15,8504
2026-03-27T09:00:36+00:00,sep13,N/A
2026-03-27T09:00:42+00:00,sep14,8648
2026-03-27T09:00:48+00:00,sep15,8504
2026-03-27T10:00:37+00:00,sep13,N/A
2026-03-27T10:00:43+00:00,sep14,8648
2026-03-27T10:00:49+00:00,sep15,8504
2026-03-27T11:00:38+00:00,sep13,N/A
2026-03-27T11:00:44+00:00,sep14,8648
2026-03-27T11:00:49+00:00,sep15,8504
2026-03-27T12:00:29+00:00,sep13,N/A
2026-03-27T12:00:34+00:00,sep14,8648
2026-03-27T12:00:40+00:00,sep15,8504
2026-03-27T13:00:35+00:00,sep13,N/A
2026-03-27T13:00:40+00:00,sep14,8648
2026-03-27T13:00:46+00:00,sep15,8504
2026-03-27T14:00:36+00:00,sep13,N/A
2026-03-27T14:00:42+00:00,sep14,8648
2026-03-27T14:00:47+00:00,sep15,8504
2026-03-27T15:00:39+00:00,sep13,N/A
2026-03-27T15:00:44+00:00,sep14,8648
2026-03-27T15:00:50+00:00,sep15,8504
2026-03-27T16:00:32+00:00,sep13,N/A
2026-03-27T16:00:37+00:00,sep14,8648
2026-03-27T16:00:43+00:00,sep15,8504
2026-03-27T17:00:35+00:00,sep13,N/A
2026-03-27T17:00:41+00:00,sep14,8648
2026-03-27T17:00:46+00:00,sep15,8504
2026-03-27T18:00:33+00:00,sep13,N/A
2026-03-27T18:00:39+00:00,sep14,8648
2026-03-27T18:00:45+00:00,sep15,8504
2026-03-27T19:00:32+00:00,sep13,N/A
2026-03-27T19:00:38+00:00,sep14,8648
2026-03-27T19:00:44+00:00,sep15,8504
2026-03-27T20:00:33+00:00,sep13,N/A
2026-03-27T20:00:38+00:00,sep14,8648
2026-03-27T20:00:44+00:00,sep15,8504
2026-03-27T21:00:32+00:00,sep13,N/A
2026-03-27T21:00:37+00:00,sep14,8648
2026-03-27T21:00:43+00:00,sep15,8504
2026-03-27T22:00:33+00:00,sep13,N/A
2026-03-27T22:00:39+00:00,sep14,8648
2026-03-27T22:00:44+00:00,sep15,8504
2026-03-27T23:00:31+00:00,sep13,N/A
2026-03-27T23:00:37+00:00,sep14,8648
2026-03-27T23:00:43+00:00,sep15,8504
2026-03-28T00:00:32+00:00,sep13,N/A
2026-03-28T00:00:37+00:00,sep14,8648
2026-03-28T00:00:43+00:00,sep15,8504
2026-03-28T01:00:30+00:00,sep13,N/A
2026-03-28T01:00:36+00:00,sep14,8648
2026-03-28T01:00:41+00:00,sep15,8504
2026-03-28T02:00:32+00:00,sep13,N/A
2026-03-28T02:00:38+00:00,sep14,8648
2026-03-28T02:00:43+00:00,sep15,8504
2026-03-28T03:00:28+00:00,sep13,N/A
2026-03-28T03:00:34+00:00,sep14,8648
2026-03-28T03:00:40+00:00,sep15,8504
2026-03-28T04:00:31+00:00,sep13,N/A
2026-03-28T04:00:37+00:00,sep14,8659
2026-03-28T04:00:42+00:00,sep15,8514
2026-03-28T05:00:32+00:00,sep13,N/A
2026-03-28T05:00:38+00:00,sep14,8659
2026-03-28T05:00:44+00:00,sep15,8514
2026-03-28T06:00:35+00:00,sep13,N/A
2026-03-28T06:00:40+00:00,sep14,8659
2026-03-28T06:00:46+00:00,sep15,8514
2026-03-28T07:00:33+00:00,sep13,N/A
2026-03-28T07:00:38+00:00,sep14,8659
2026-03-28T07:00:44+00:00,sep15,8514
2026-03-28T08:00:32+00:00,sep13,N/A
2026-03-28T08:00:37+00:00,sep14,8659
2026-03-28T08:00:43+00:00,sep15,8514
2026-03-28T09:00:29+00:00,sep13,N/A
2026-03-28T09:00:35+00:00,sep14,8659
2026-03-28T09:00:40+00:00,sep15,8514
2026-03-28T10:00:34+00:00,sep13,N/A
2026-03-28T10:00:40+00:00,sep14,8659
2026-03-28T10:00:45+00:00,sep15,8514
2026-03-28T11:00:35+00:00,sep13,N/A
2026-03-28T11:00:41+00:00,sep14,8659
2026-03-28T11:00:47+00:00,sep15,8514
2026-03-28T12:00:32+00:00,sep13,N/A
2026-03-28T12:00:37+00:00,sep14,8659
2026-03-28T12:00:43+00:00,sep15,8514
2026-03-28T13:00:32+00:00,sep13,N/A
2026-03-28T13:00:37+00:00,sep14,8659
2026-03-28T13:00:43+00:00,sep15,8514
2026-03-28T14:00:35+00:00,sep13,N/A
2026-03-28T14:00:40+00:00,sep14,8659
2026-03-28T14:00:46+00:00,sep15,8514
2026-03-28T15:00:33+00:00,sep13,N/A
2026-03-28T15:00:38+00:00,sep14,8659
2026-03-28T15:00:44+00:00,sep15,8514
2026-03-28T16:00:32+00:00,sep13,N/A
2026-03-28T16:00:37+00:00,sep14,8659
2026-03-28T16:00:43+00:00,sep15,8514
2026-03-28T17:00:34+00:00,sep13,N/A
2026-03-28T17:00:40+00:00,sep14,8659
2026-03-28T17:00:46+00:00,sep15,8514
2026-03-28T18:00:30+00:00,sep13,N/A
2026-03-28T18:00:35+00:00,sep14,8659
2026-03-28T18:00:41+00:00,sep15,8514
2026-03-28T19:00:31+00:00,sep13,N/A
2026-03-28T19:00:37+00:00,sep14,8659
2026-03-28T19:00:43+00:00,sep15,8514
2026-03-28T20:00:31+00:00,sep13,N/A
2026-03-28T20:00:36+00:00,sep14,8659
2026-03-28T20:00:42+00:00,sep15,8514
2026-03-28T21:00:30+00:00,sep13,N/A
2026-03-28T21:00:36+00:00,sep14,8659
2026-03-28T21:00:42+00:00,sep15,8514
2026-03-28T22:00:33+00:00,sep13,N/A
2026-03-28T22:00:39+00:00,sep14,8659
2026-03-28T22:00:44+00:00,sep15,8514
2026-03-28T23:00:40+00:00,sep13,N/A
2026-03-28T23:00:45+00:00,sep14,8659
2026-03-28T23:00:51+00:00,sep15,8514
2026-03-29T00:00:35+00:00,sep13,N/A
2026-03-29T00:00:41+00:00,sep14,8659
2026-03-29T00:00:47+00:00,sep15,8514
2026-03-29T01:00:31+00:00,sep13,N/A
2026-03-29T01:00:37+00:00,sep14,8659
2026-03-29T01:00:42+00:00,sep15,8514
2026-03-29T02:00:33+00:00,sep13,N/A
2026-03-29T02:00:39+00:00,sep14,8659
2026-03-29T02:00:44+00:00,sep15,8514
2026-03-29T03:00:29+00:00,sep13,N/A
2026-03-29T03:00:35+00:00,sep14,8659
2026-03-29T03:00:40+00:00,sep15,8514
2026-03-29T04:00:33+00:00,sep13,N/A
2026-03-29T04:00:39+00:00,sep14,8659
2026-03-29T04:00:44+00:00,sep15,8514
2026-03-29T05:00:33+00:00,sep13,N/A
2026-03-29T05:00:38+00:00,sep14,8659
2026-03-29T05:00:44+00:00,sep15,8514
2026-03-29T06:00:30+00:00,sep13,N/A
2026-03-29T06:00:35+00:00,sep14,8659
2026-03-29T06:00:41+00:00,sep15,8514
2026-03-29T07:00:32+00:00,sep13,N/A
2026-03-29T07:00:38+00:00,sep14,8659
2026-03-29T07:00:44+00:00,sep15,8514
2026-03-29T08:00:35+00:00,sep13,N/A
2026-03-29T08:00:40+00:00,sep14,8659
2026-03-29T08:00:46+00:00,sep15,8514
2026-03-29T09:00:30+00:00,sep13,N/A
2026-03-29T09:00:36+00:00,sep14,8659
2026-03-29T09:00:42+00:00,sep15,8514
2026-03-29T10:00:36+00:00,sep13,N/A
2026-03-29T10:00:42+00:00,sep14,8659
2026-03-29T10:00:47+00:00,sep15,8514
2026-03-29T11:00:32+00:00,sep13,N/A
2026-03-29T11:00:38+00:00,sep14,8659
2026-03-29T11:00:43+00:00,sep15,8514
2026-03-29T12:00:32+00:00,sep13,N/A
2026-03-29T12:00:38+00:00,sep14,8659
2026-03-29T12:00:43+00:00,sep15,8514
2026-03-29T13:00:32+00:00,sep13,N/A
2026-03-29T13:00:38+00:00,sep14,8659
2026-03-29T13:00:44+00:00,sep15,8514
2026-03-29T14:00:34+00:00,sep13,N/A
2026-03-29T14:00:40+00:00,sep14,8659
2026-03-29T14:00:46+00:00,sep15,8514
2026-03-29T15:00:32+00:00,sep13,N/A
2026-03-29T15:00:38+00:00,sep14,8659
2026-03-29T15:00:48+00:00,sep15,8514
2026-03-29T16:00:37+00:00,sep13,N/A
2026-03-29T16:00:43+00:00,sep14,8659
2026-03-29T16:00:48+00:00,sep15,8514
2026-03-29T17:00:35+00:00,sep13,N/A
2026-03-29T17:00:40+00:00,sep14,8659
2026-03-29T17:00:46+00:00,sep15,8514
2026-03-29T18:00:36+00:00,sep13,N/A
2026-03-29T18:00:41+00:00,sep14,8659
2026-03-29T18:00:47+00:00,sep15,8514
2026-03-29T19:00:34+00:00,sep13,N/A
2026-03-29T19:00:40+00:00,sep14,8659
2026-03-29T19:00:46+00:00,sep15,8514
2026-03-29T20:00:33+00:00,sep13,N/A
2026-03-29T20:00:39+00:00,sep14,8659
2026-03-29T20:00:45+00:00,sep15,8514
2026-03-29T21:00:37+00:00,sep13,N/A
2026-03-29T21:00:42+00:00,sep14,8659
2026-03-29T21:00:49+00:00,sep15,8514
2026-03-29T22:00:36+00:00,sep13,N/A
2026-03-29T22:00:41+00:00,sep14,8659
2026-03-29T22:00:47+00:00,sep15,8514
2026-03-29T23:00:34+00:00,sep13,N/A
2026-03-29T23:00:40+00:00,sep14,9717
2026-03-29T23:00:47+00:00,sep15,9572
2026-03-30T00:00:34+00:00,sep13,N/A
2026-03-30T00:00:40+00:00,sep14,9717
2026-03-30T00:00:46+00:00,sep15,9572
2026-03-30T01:00:34+00:00,sep13,N/A
2026-03-30T01:00:40+00:00,sep14,9717
2026-03-30T01:00:46+00:00,sep15,9572
2026-03-30T02:00:34+00:00,sep13,N/A
2026-03-30T02:00:40+00:00,sep14,9717
2026-03-30T02:00:45+00:00,sep15,9572
2026-03-30T03:00:38+00:00,sep13,N/A
2026-03-30T03:00:44+00:00,sep14,9717
2026-03-30T03:00:49+00:00,sep15,9572
2026-03-30T04:00:34+00:00,sep13,N/A
2026-03-30T04:00:40+00:00,sep14,9717
2026-03-30T04:00:46+00:00,sep15,9572
2026-03-30T05:00:33+00:00,sep13,N/A
2026-03-30T05:00:39+00:00,sep14,9717
2026-03-30T05:00:44+00:00,sep15,9572
2026-03-30T06:00:36+00:00,sep13,N/A
2026-03-30T06:00:42+00:00,sep14,9717
2026-03-30T06:00:47+00:00,sep15,9572
2026-03-30T07:00:42+00:00,sep13,N/A
2026-03-30T07:00:47+00:00,sep14,9717
2026-03-30T07:00:53+00:00,sep15,9572
2026-03-30T08:00:37+00:00,sep13,N/A
2026-03-30T08:00:43+00:00,sep14,9717
2026-03-30T08:00:48+00:00,sep15,9572
2026-03-30T09:00:38+00:00,sep13,N/A
2026-03-30T09:00:44+00:00,sep14,9717
2026-03-30T09:00:50+00:00,sep15,9572
2026-03-30T10:00:33+00:00,sep13,N/A
2026-03-30T10:00:39+00:00,sep14,9717
2026-03-30T10:00:45+00:00,sep15,9572
2026-03-30T11:00:36+00:00,sep13,N/A
2026-03-30T11:00:42+00:00,sep14,9717
2026-03-30T11:00:48+00:00,sep15,9572
2026-03-30T12:00:34+00:00,sep13,N/A
2026-03-30T12:00:40+00:00,sep14,9717
2026-03-30T12:00:46+00:00,sep15,9572
2026-03-30T13:00:34+00:00,sep13,N/A
2026-03-30T13:00:40+00:00,sep14,9717
2026-03-30T13:00:46+00:00,sep15,9572
2026-03-30T14:00:36+00:00,sep13,N/A
2026-03-30T14:00:41+00:00,sep14,9717
2026-03-30T14:00:47+00:00,sep15,9572
2026-03-30T15:00:36+00:00,sep13,N/A
2026-03-30T15:00:42+00:00,sep14,9717
2026-03-30T15:00:47+00:00,sep15,9216
2026-03-30T16:00:40+00:00,sep13,N/A
2026-03-30T16:00:46+00:00,sep14,9717
2026-03-30T16:00:52+00:00,sep15,9216
2026-03-30T17:00:37+00:00,sep13,N/A
2026-03-30T17:00:43+00:00,sep14,9717
2026-03-30T17:00:48+00:00,sep15,9216
2026-03-30T18:00:36+00:00,sep13,N/A
2026-03-30T18:00:42+00:00,sep14,9717
2026-03-30T18:00:47+00:00,sep15,9216
2026-03-30T19:00:35+00:00,sep13,N/A
2026-03-30T19:00:40+00:00,sep14,9717
2026-03-30T19:00:46+00:00,sep15,9216
2026-03-30T20:00:36+00:00,sep13,N/A
2026-03-30T20:00:42+00:00,sep14,9717
2026-03-30T20:00:47+00:00,sep15,9216
2026-03-30T21:00:33+00:00,sep13,N/A
2026-03-30T21:00:38+00:00,sep14,9717
2026-03-30T21:00:44+00:00,sep15,9216
2026-03-30T22:00:34+00:00,sep13,N/A
2026-03-30T22:00:40+00:00,sep14,9717
2026-03-30T22:00:45+00:00,sep15,9216
2026-03-30T23:00:34+00:00,sep13,N/A
2026-03-30T23:00:39+00:00,sep14,9717
2026-03-30T23:00:45+00:00,sep15,9216
2026-03-31T00:00:33+00:00,sep13,N/A
2026-03-31T00:00:39+00:00,sep14,9717
2026-03-31T00:00:45+00:00,sep15,9216
2026-03-31T01:00:38+00:00,sep13,N/A
2026-03-31T01:00:43+00:00,sep14,9717
2026-03-31T01:00:49+00:00,sep15,9216
2026-03-31T02:00:32+00:00,sep13,N/A
2026-03-31T02:00:37+00:00,sep14,9717
2026-03-31T02:00:44+00:00,sep15,9216
2026-03-31T03:00:32+00:00,sep13,N/A
2026-03-31T03:00:38+00:00,sep14,9717
2026-03-31T03:00:44+00:00,sep15,9216
2026-03-31T04:00:44+00:00,sep13,N/A
2026-03-31T04:00:49+00:00,sep14,9712
2026-03-31T04:00:55+00:00,sep15,9211
2026-03-31T05:00:37+00:00,sep13,N/A
2026-03-31T05:00:43+00:00,sep14,9712
2026-03-31T05:00:48+00:00,sep15,9211
2026-03-31T06:00:32+00:00,sep13,N/A
2026-03-31T06:00:38+00:00,sep14,9712
2026-03-31T06:00:43+00:00,sep15,9211
2026-03-31T07:00:31+00:00,sep13,N/A
2026-03-31T07:00:37+00:00,sep14,9712
2026-03-31T07:00:42+00:00,sep15,9211
2026-03-31T08:00:36+00:00,sep13,N/A
2026-03-31T08:00:41+00:00,sep14,9712
2026-03-31T08:00:47+00:00,sep15,9211
2026-03-31T09:00:34+00:00,sep13,N/A
2026-03-31T09:00:40+00:00,sep14,9712
2026-03-31T09:00:46+00:00,sep15,9211
2026-03-31T10:00:33+00:00,sep13,N/A
2026-03-31T10:00:39+00:00,sep14,9712
2026-03-31T10:00:45+00:00,sep15,9211
2026-03-31T11:00:34+00:00,sep13,N/A
2026-03-31T11:00:39+00:00,sep14,9712
2026-03-31T11:00:45+00:00,sep15,9211
2026-03-31T12:00:37+00:00,sep13,N/A
2026-03-31T12:00:43+00:00,sep14,9712
2026-03-31T12:00:49+00:00,sep15,9211
2026-03-31T13:00:38+00:00,sep13,N/A
2026-03-31T13:00:43+00:00,sep14,9712
2026-03-31T13:00:49+00:00,sep15,9211
2026-03-31T15:01:25+00:00,sep13,N/A
2026-03-31T15:01:31+00:00,sep14,9712
2026-03-31T15:01:37+00:00,sep15,9211
2026-03-31T16:00:39+00:00,sep13,N/A
2026-03-31T16:00:45+00:00,sep14,9712
2026-03-31T16:00:51+00:00,sep15,9211
2026-03-31T17:00:37+00:00,sep13,N/A
2026-03-31T17:00:42+00:00,sep14,9712
2026-03-31T17:00:48+00:00,sep15,9211
2026-03-31T18:00:36+00:00,sep13,N/A
2026-03-31T18:00:41+00:00,sep14,9712
2026-03-31T18:00:47+00:00,sep15,9211
2026-03-31T19:00:35+00:00,sep13,N/A
2026-03-31T19:00:40+00:00,sep14,9712
2026-03-31T19:00:46+00:00,sep15,9211
2026-03-31T20:00:37+00:00,sep13,N/A
2026-03-31T20:00:43+00:00,sep14,9712
2026-03-31T20:00:48+00:00,sep15,9211
2026-03-31T21:00:31+00:00,sep13,N/A
2026-03-31T21:00:36+00:00,sep14,9712
2026-03-31T21:00:42+00:00,sep15,9211
2026-03-31T22:00:32+00:00,sep13,N/A
2026-03-31T22:00:38+00:00,sep14,9712
2026-03-31T22:00:44+00:00,sep15,9211
2026-03-31T23:00:32+00:00,sep13,N/A
2026-03-31T23:00:38+00:00,sep14,9712
2026-03-31T23:00:44+00:00,sep15,9211
2026-04-01T00:00:35+00:00,sep13,N/A
2026-04-01T00:00:40+00:00,sep14,9712
2026-04-01T00:00:46+00:00,sep15,9211
2026-04-01T01:00:33+00:00,sep13,N/A
2026-04-01T01:00:39+00:00,sep14,9712
2026-04-01T01:00:44+00:00,sep15,9211
2026-04-01T02:00:35+00:00,sep13,N/A
2026-04-01T02:00:41+00:00,sep14,9712
2026-04-01T02:00:46+00:00,sep15,9211
2026-04-01T03:00:32+00:00,sep13,N/A
2026-04-01T03:00:38+00:00,sep14,9712
2026-04-01T03:00:43+00:00,sep15,9211
2026-04-01T04:00:33+00:00,sep13,N/A
2026-04-01T04:00:39+00:00,sep14,9684
2026-04-01T04:00:44+00:00,sep15,9185
2026-04-01T05:00:32+00:00,sep13,N/A
2026-04-01T05:00:38+00:00,sep14,9684
2026-04-01T05:00:44+00:00,sep15,9185
2026-04-01T06:00:32+00:00,sep13,N/A
2026-04-01T06:00:38+00:00,sep14,9684
2026-04-01T06:00:43+00:00,sep15,9185
2026-04-01T07:00:32+00:00,sep13,N/A
2026-04-01T07:00:38+00:00,sep14,9684
2026-04-01T07:00:43+00:00,sep15,9185
2026-04-01T08:00:33+00:00,sep13,N/A
2026-04-01T08:00:39+00:00,sep14,9684
2026-04-01T08:00:44+00:00,sep15,9185
2026-04-01T09:00:36+00:00,sep13,N/A
2026-04-01T09:00:42+00:00,sep14,9684
2026-04-01T09:00:48+00:00,sep15,9185
2026-04-01T10:00:33+00:00,sep13,N/A
2026-04-01T10:00:39+00:00,sep14,9684
2026-04-01T10:00:44+00:00,sep15,9185
2026-04-01T11:00:34+00:00,sep13,N/A
2026-04-01T11:00:40+00:00,sep14,9684
2026-04-01T11:00:46+00:00,sep15,9185
2026-04-01T12:00:35+00:00,sep13,N/A
2026-04-01T12:00:41+00:00,sep14,9684
2026-04-01T12:00:47+00:00,sep15,9185
2026-04-01T13:00:39+00:00,sep13,N/A
2026-04-01T13:00:45+00:00,sep14,9684
2026-04-01T13:00:51+00:00,sep15,9185
2026-04-01T14:00:41+00:00,sep13,N/A
2026-04-01T14:00:46+00:00,sep14,9684
2026-04-01T14:00:52+00:00,sep15,9185
2026-04-01T15:00:43+00:00,sep13,N/A
2026-04-01T15:00:49+00:00,sep14,9684
2026-04-01T15:00:54+00:00,sep15,9185
2026-04-01T16:00:38+00:00,sep13,N/A
2026-04-01T16:00:44+00:00,sep14,9684
2026-04-01T16:00:50+00:00,sep15,9185
2026-04-01T17:00:33+00:00,sep13,N/A
2026-04-01T17:00:39+00:00,sep14,9684
2026-04-01T17:00:45+00:00,sep15,9185
2026-04-01T18:00:33+00:00,sep13,N/A
2026-04-01T18:00:39+00:00,sep14,9684
2026-04-01T18:00:44+00:00,sep15,9185
2026-04-01T19:00:35+00:00,sep13,N/A
2026-04-01T19:00:41+00:00,sep14,9684
2026-04-01T19:00:47+00:00,sep15,9185
2026-04-01T20:00:39+00:00,sep13,N/A
2026-04-01T20:00:45+00:00,sep14,12363
2026-04-01T20:00:51+00:00,sep15,11864
2026-04-01T21:00:30+00:00,sep13,N/A
2026-04-01T21:00:37+00:00,sep14,12363
2026-04-01T21:00:43+00:00,sep15,11864
2026-04-01T22:00:39+00:00,sep13,N/A
2026-04-01T22:00:45+00:00,sep14,19394
2026-04-01T22:00:52+00:00,sep15,11864
2026-04-01T23:00:39+00:00,sep13,N/A
2026-04-01T23:00:45+00:00,sep14,19394
2026-04-01T23:00:51+00:00,sep15,11864
2026-04-02T00:00:34+00:00,sep13,N/A
2026-04-02T00:00:40+00:00,sep14,19394
2026-04-02T00:00:46+00:00,sep15,11864
2026-04-02T01:00:45+00:00,sep13,N/A
2026-04-02T01:00:51+00:00,sep14,19394
2026-04-02T01:00:57+00:00,sep15,11864
2026-04-02T02:00:35+00:00,sep13,N/A
2026-04-02T02:00:42+00:00,sep14,19394
2026-04-02T02:00:48+00:00,sep15,11864
2026-04-02T03:00:39+00:00,sep13,N/A
2026-04-02T03:00:45+00:00,sep14,19394
2026-04-02T03:00:51+00:00,sep15,11864
2026-04-02T04:00:35+00:00,sep13,N/A
2026-04-02T04:00:41+00:00,sep14,19183
2026-04-02T04:00:47+00:00,sep15,11738
2026-04-02T05:00:36+00:00,sep13,N/A
2026-04-02T05:00:42+00:00,sep14,19183
2026-04-02T05:00:48+00:00,sep15,11738
2026-04-02T06:00:37+00:00,sep13,N/A
2026-04-02T06:00:43+00:00,sep14,19183
2026-04-02T06:00:49+00:00,sep15,11738
2026-04-02T07:00:36+00:00,sep13,N/A
2026-04-02T07:00:43+00:00,sep14,19183
2026-04-02T07:00:49+00:00,sep15,11738
2026-04-02T08:00:35+00:00,sep13,N/A
2026-04-02T08:00:41+00:00,sep14,19183
2026-04-02T08:00:47+00:00,sep15,11738
2026-04-02T09:00:37+00:00,sep13,N/A
2026-04-02T09:00:43+00:00,sep14,19183
2026-04-02T09:00:49+00:00,sep15,11738
2026-04-02T10:00:36+00:00,sep13,N/A
2026-04-02T10:00:42+00:00,sep14,19183
2026-04-02T10:00:48+00:00,sep15,11738
2026-04-02T11:00:36+00:00,sep13,N/A
2026-04-02T11:00:42+00:00,sep14,19183
2026-04-02T11:00:48+00:00,sep15,11738
2026-04-02T12:00:36+00:00,sep13,N/A
2026-04-02T12:00:42+00:00,sep14,19183
2026-04-02T12:00:48+00:00,sep15,11738
2026-04-02T13:00:33+00:00,sep13,N/A
2026-04-02T13:00:39+00:00,sep14,19183
2026-04-02T13:00:45+00:00,sep15,11738
2026-04-02T14:00:38+00:00,sep13,N/A
2026-04-02T14:00:44+00:00,sep14,19183
2026-04-02T14:00:50+00:00,sep15,11738
2026-04-02T15:00:39+00:00,sep13,N/A
2026-04-02T15:00:45+00:00,sep14,17132
2026-04-02T15:00:51+00:00,sep15,9687
2026-04-02T16:00:39+00:00,sep13,N/A
2026-04-02T16:00:45+00:00,sep14,10791
2026-04-02T16:00:51+00:00,sep15,9687
2026-04-02T17:00:38+00:00,sep13,N/A
2026-04-02T17:00:44+00:00,sep14,10791
2026-04-02T17:00:49+00:00,sep15,9687
2026-04-02T18:00:33+00:00,sep13,N/A
2026-04-02T18:00:39+00:00,sep14,10791
2026-04-02T18:00:45+00:00,sep15,9687
2026-04-02T19:00:37+00:00,sep13,N/A
2026-04-02T19:00:42+00:00,sep14,10791
2026-04-02T19:00:48+00:00,sep15,9687
2026-04-02T20:00:34+00:00,sep13,N/A
2026-04-02T20:00:40+00:00,sep14,10791
2026-04-02T20:00:45+00:00,sep15,9687
2026-04-02T21:00:38+00:00,sep13,N/A
2026-04-02T21:00:43+00:00,sep14,10791
2026-04-02T21:00:49+00:00,sep15,9687
2026-04-02T22:00:37+00:00,sep13,N/A
2026-04-02T22:00:43+00:00,sep14,10791
2026-04-02T22:00:49+00:00,sep15,9687
2026-04-02T23:00:34+00:00,sep13,N/A
2026-04-02T23:00:39+00:00,sep14,10791
2026-04-02T23:00:45+00:00,sep15,9687
2026-04-03T00:00:33+00:00,sep13,N/A
2026-04-03T00:00:39+00:00,sep14,10791
2026-04-03T00:00:45+00:00,sep15,9687
2026-04-03T01:00:37+00:00,sep13,N/A
2026-04-03T01:00:43+00:00,sep14,10791
2026-04-03T01:00:49+00:00,sep15,9687
2026-04-03T02:00:36+00:00,sep13,N/A
2026-04-03T02:00:42+00:00,sep14,10791
2026-04-03T02:00:47+00:00,sep15,9687
2026-04-03T03:00:35+00:00,sep13,N/A
2026-04-03T03:00:41+00:00,sep14,10791
2026-04-03T03:00:46+00:00,sep15,9687
2026-04-03T04:00:32+00:00,sep13,N/A
2026-04-03T04:00:38+00:00,sep14,10800
2026-04-03T04:00:43+00:00,sep15,9694
2026-04-03T05:00:32+00:00,sep13,N/A
2026-04-03T05:00:38+00:00,sep14,10800
2026-04-03T05:00:43+00:00,sep15,9694
2026-04-03T06:00:34+00:00,sep13,N/A
2026-04-03T06:00:39+00:00,sep14,10800
2026-04-03T06:00:45+00:00,sep15,9694
2026-04-03T07:00:40+00:00,sep13,N/A
2026-04-03T07:00:45+00:00,sep14,10800
2026-04-03T07:00:51+00:00,sep15,9694
2026-04-03T08:00:35+00:00,sep13,N/A
2026-04-03T08:00:40+00:00,sep14,10800
2026-04-03T08:00:46+00:00,sep15,9694
2026-04-03T09:00:33+00:00,sep13,N/A
2026-04-03T09:00:39+00:00,sep14,10800
2026-04-03T09:00:45+00:00,sep15,9694
2026-04-03T10:00:31+00:00,sep13,N/A
2026-04-03T10:00:36+00:00,sep14,10800
2026-04-03T10:00:42+00:00,sep15,9694
2026-04-03T11:00:34+00:00,sep13,N/A
2026-04-03T11:00:40+00:00,sep14,10800
2026-04-03T11:00:45+00:00,sep15,9694
2026-04-03T12:00:34+00:00,sep13,N/A
2026-04-03T12:00:40+00:00,sep14,10800
2026-04-03T12:00:45+00:00,sep15,9694
2026-04-03T13:00:33+00:00,sep13,N/A
2026-04-03T13:00:39+00:00,sep14,10800
2026-04-03T13:00:44+00:00,sep15,9694
2026-04-03T14:00:31+00:00,sep13,N/A
2026-04-03T14:00:37+00:00,sep14,10800
2026-04-03T14:00:42+00:00,sep15,9694
2026-04-03T15:00:34+00:00,sep13,N/A
2026-04-03T15:00:40+00:00,sep14,10800
2026-04-03T15:00:45+00:00,sep15,9694
2026-04-03T16:00:33+00:00,sep13,N/A
2026-04-03T16:00:39+00:00,sep14,10800
2026-04-03T16:00:45+00:00,sep15,9694
2026-04-03T17:00:33+00:00,sep13,N/A
2026-04-03T17:00:39+00:00,sep14,10800
2026-04-03T17:00:45+00:00,sep15,9694
2026-04-03T18:00:35+00:00,sep13,N/A
2026-04-03T18:00:41+00:00,sep14,10800
2026-04-03T18:00:46+00:00,sep15,9694
2026-04-03T19:00:35+00:00,sep13,N/A
2026-04-03T19:00:41+00:00,sep14,10800
2026-04-03T19:00:46+00:00,sep15,9694
2026-04-03T20:00:36+00:00,sep13,N/A
2026-04-03T20:00:41+00:00,sep14,10800
2026-04-03T20:00:47+00:00,sep15,9694
2026-04-03T21:00:33+00:00,sep13,N/A
2026-04-03T21:00:39+00:00,sep14,10800
2026-04-03T21:00:45+00:00,sep15,9694
2026-04-03T22:00:37+00:00,sep13,N/A
2026-04-03T22:00:43+00:00,sep14,10800
2026-04-03T22:00:48+00:00,sep15,9694
2026-04-03T23:00:31+00:00,sep13,N/A
2026-04-03T23:00:37+00:00,sep14,10800
2026-04-03T23:00:43+00:00,sep15,9694
2026-04-04T00:00:34+00:00,sep13,N/A
2026-04-04T00:00:39+00:00,sep14,10800
2026-04-04T00:00:45+00:00,sep15,9694
2026-04-04T01:00:31+00:00,sep13,N/A
2026-04-04T01:00:37+00:00,sep14,10800
2026-04-04T01:00:43+00:00,sep15,9694
2026-04-04T02:00:32+00:00,sep13,N/A
2026-04-04T02:00:37+00:00,sep14,10800
2026-04-04T02:00:43+00:00,sep15,9694
2026-04-04T03:00:34+00:00,sep13,N/A
2026-04-04T03:00:39+00:00,sep14,10800
2026-04-04T03:00:45+00:00,sep15,9694
2026-04-04T04:00:42+00:00,sep13,N/A
2026-04-04T04:00:48+00:00,sep14,10800
2026-04-04T04:00:54+00:00,sep15,9694
2026-04-04T05:00:33+00:00,sep13,N/A
2026-04-04T05:00:39+00:00,sep14,10800
2026-04-04T05:00:44+00:00,sep15,9694
2026-04-04T06:00:34+00:00,sep13,N/A
2026-04-04T06:00:40+00:00,sep14,10800
2026-04-04T06:00:45+00:00,sep15,9694
2026-04-04T07:00:36+00:00,sep13,N/A
2026-04-04T07:00:41+00:00,sep14,10800
2026-04-04T07:00:47+00:00,sep15,9694
2026-04-04T08:00:32+00:00,sep13,N/A
2026-04-04T08:00:37+00:00,sep14,10800
2026-04-04T08:00:43+00:00,sep15,9694
2026-04-04T09:00:34+00:00,sep13,N/A
2026-04-04T09:00:39+00:00,sep14,10800
2026-04-04T09:00:45+00:00,sep15,9694
2026-04-04T10:00:34+00:00,sep13,N/A
2026-04-04T10:00:40+00:00,sep14,10800
2026-04-04T10:00:45+00:00,sep15,9694
2026-04-04T11:00:38+00:00,sep13,N/A
2026-04-04T11:00:43+00:00,sep14,10800
2026-04-04T11:00:49+00:00,sep15,9694
2026-04-04T12:00:33+00:00,sep13,N/A
2026-04-04T12:00:38+00:00,sep14,10800
2026-04-04T12:00:44+00:00,sep15,9694
2026-04-04T13:00:33+00:00,sep13,N/A
2026-04-04T13:00:39+00:00,sep14,10800
2026-04-04T13:00:46+00:00,sep15,9694
2026-04-04T14:00:31+00:00,sep13,N/A
2026-04-04T14:00:37+00:00,sep14,10800
2026-04-04T14:00:42+00:00,sep15,9694
2026-04-04T15:00:35+00:00,sep13,N/A
2026-04-04T15:00:40+00:00,sep14,10800
2026-04-04T15:00:46+00:00,sep15,9694
2026-04-04T16:00:37+00:00,sep13,N/A
2026-04-04T16:00:43+00:00,sep14,10800
2026-04-04T16:00:48+00:00,sep15,9694
2026-04-04T17:00:32+00:00,sep13,N/A
2026-04-04T17:00:38+00:00,sep14,10800
2026-04-04T17:00:44+00:00,sep15,9694
2026-04-04T18:00:32+00:00,sep13,N/A
2026-04-04T18:00:38+00:00,sep14,10800
2026-04-04T18:00:43+00:00,sep15,9694
2026-04-04T19:00:33+00:00,sep13,N/A
2026-04-04T19:00:39+00:00,sep14,10800
2026-04-04T19:00:45+00:00,sep15,9694
2026-04-04T20:00:32+00:00,sep13,N/A
2026-04-04T20:00:38+00:00,sep14,10800
2026-04-04T20:00:44+00:00,sep15,9694
2026-04-04T21:00:37+00:00,sep13,N/A
2026-04-04T21:00:42+00:00,sep14,10800
2026-04-04T21:00:48+00:00,sep15,9694
2026-04-04T22:00:33+00:00,sep13,N/A
2026-04-04T22:00:39+00:00,sep14,10800
2026-04-04T22:00:45+00:00,sep15,9694
2026-04-04T23:00:32+00:00,sep13,N/A
2026-04-04T23:00:37+00:00,sep14,10800
2026-04-04T23:00:43+00:00,sep15,9694
2026-04-05T00:00:32+00:00,sep13,N/A
2026-04-05T00:00:38+00:00,sep14,10800
2026-04-05T00:00:44+00:00,sep15,9694
2026-04-05T01:00:34+00:00,sep13,N/A
2026-04-05T01:00:40+00:00,sep14,10800
2026-04-05T01:00:46+00:00,sep15,9694
2026-04-05T02:00:33+00:00,sep13,N/A
2026-04-05T02:00:38+00:00,sep14,10800
2026-04-05T02:00:44+00:00,sep15,9694
2026-04-05T03:00:37+00:00,sep13,N/A
2026-04-05T03:00:43+00:00,sep14,10800
2026-04-05T03:00:49+00:00,sep15,9694
2026-04-05T04:00:31+00:00,sep13,N/A
2026-04-05T04:00:37+00:00,sep14,10800
2026-04-05T04:00:42+00:00,sep15,9694
2026-04-05T05:00:30+00:00,sep13,N/A
2026-04-05T05:00:36+00:00,sep14,10800
2026-04-05T05:00:41+00:00,sep15,9694
2026-04-05T06:00:36+00:00,sep13,N/A
2026-04-05T06:00:42+00:00,sep14,10800
2026-04-05T06:00:47+00:00,sep15,9694
2026-04-05T07:00:33+00:00,sep13,N/A
2026-04-05T07:00:39+00:00,sep14,10800
2026-04-05T07:00:44+00:00,sep15,9694
2026-04-05T08:00:30+00:00,sep13,N/A
2026-04-05T08:00:36+00:00,sep14,10800
2026-04-05T08:00:41+00:00,sep15,9694
2026-04-05T09:00:37+00:00,sep13,N/A
2026-04-05T09:00:43+00:00,sep14,10800
2026-04-05T09:00:48+00:00,sep15,9694
2026-04-05T10:00:34+00:00,sep13,N/A
2026-04-05T10:00:40+00:00,sep14,10800
2026-04-05T10:00:45+00:00,sep15,9694
2026-04-05T11:00:32+00:00,sep13,N/A
2026-04-05T11:00:38+00:00,sep14,10800
2026-04-05T11:00:43+00:00,sep15,9694
2026-04-05T12:00:36+00:00,sep13,N/A
2026-04-05T12:00:42+00:00,sep14,10800
2026-04-05T12:00:48+00:00,sep15,9694
2026-04-05T13:00:32+00:00,sep13,N/A
2026-04-05T13:00:38+00:00,sep14,10800
2026-04-05T13:00:44+00:00,sep15,9694
2026-04-05T14:00:34+00:00,sep13,N/A
2026-04-05T14:00:40+00:00,sep14,10800
2026-04-05T14:00:46+00:00,sep15,9694
2026-04-05T15:00:32+00:00,sep13,N/A
2026-04-05T15:00:37+00:00,sep14,10800
2026-04-05T15:00:43+00:00,sep15,9694
2026-04-05T16:00:38+00:00,sep13,N/A
2026-04-05T16:00:44+00:00,sep14,10800
2026-04-05T16:00:50+00:00,sep15,9694
2026-04-05T17:00:33+00:00,sep13,N/A
2026-04-05T17:00:38+00:00,sep14,10800
2026-04-05T17:00:44+00:00,sep15,9694
2026-04-05T18:00:35+00:00,sep13,N/A
2026-04-05T18:00:41+00:00,sep14,10800
2026-04-05T18:00:46+00:00,sep15,9694
2026-04-05T19:00:32+00:00,sep13,N/A
2026-04-05T19:00:38+00:00,sep14,10800
2026-04-05T19:00:43+00:00,sep15,9694
2026-04-05T20:00:31+00:00,sep13,N/A
2026-04-05T20:00:36+00:00,sep14,10800
2026-04-05T20:00:42+00:00,sep15,9694
2026-04-05T21:00:34+00:00,sep13,N/A
2026-04-05T21:00:39+00:00,sep14,10800
2026-04-05T21:00:45+00:00,sep15,9694
2026-04-05T22:00:32+00:00,sep13,N/A
2026-04-05T22:00:37+00:00,sep14,10800
2026-04-05T22:00:43+00:00,sep15,9694
2026-04-05T23:00:33+00:00,sep13,N/A
2026-04-05T23:00:39+00:00,sep14,10800
2026-04-05T23:00:45+00:00,sep15,9694
2026-04-06T00:00:36+00:00,sep13,N/A
2026-04-06T00:00:41+00:00,sep14,10800
2026-04-06T00:00:47+00:00,sep15,9694
2026-04-06T01:00:35+00:00,sep13,N/A
2026-04-06T01:00:41+00:00,sep14,10800
2026-04-06T01:00:47+00:00,sep15,9694
2026-04-06T02:00:34+00:00,sep13,N/A
2026-04-06T02:00:39+00:00,sep14,10800
2026-04-06T02:00:45+00:00,sep15,9694
2026-04-06T03:00:35+00:00,sep13,N/A
2026-04-06T03:00:40+00:00,sep14,10800
2026-04-06T03:00:46+00:00,sep15,9694
2026-04-06T04:00:37+00:00,sep13,N/A
2026-04-06T04:00:43+00:00,sep14,10800
2026-04-06T04:00:49+00:00,sep15,9694
2026-04-06T05:00:32+00:00,sep13,N/A
2026-04-06T05:00:37+00:00,sep14,10800
2026-04-06T05:00:43+00:00,sep15,9694
2026-04-06T06:00:34+00:00,sep13,N/A
2026-04-06T06:00:40+00:00,sep14,10800
2026-04-06T06:00:45+00:00,sep15,9694
2026-04-06T07:00:31+00:00,sep13,N/A
2026-04-06T07:00:37+00:00,sep14,10800
2026-04-06T07:00:42+00:00,sep15,9694
2026-04-06T08:00:41+00:00,sep13,N/A
2026-04-06T08:00:46+00:00,sep14,10800
2026-04-06T08:00:52+00:00,sep15,9694
2026-04-06T09:00:36+00:00,sep13,N/A
2026-04-06T09:00:42+00:00,sep14,10800
2026-04-06T09:00:47+00:00,sep15,9694
2026-04-06T10:00:36+00:00,sep13,N/A
2026-04-06T10:00:42+00:00,sep14,10800
2026-04-06T10:00:47+00:00,sep15,9694
2026-04-06T11:00:34+00:00,sep13,N/A
2026-04-06T11:00:39+00:00,sep14,10800
2026-04-06T11:00:45+00:00,sep15,9694
2026-04-06T12:00:34+00:00,sep13,N/A
2026-04-06T12:00:39+00:00,sep14,10800
2026-04-06T12:00:45+00:00,sep15,9694
2026-04-06T13:00:34+00:00,sep13,N/A
2026-04-06T13:00:39+00:00,sep14,11103
2026-04-06T13:00:45+00:00,sep15,9694
2026-04-06T14:00:33+00:00,sep13,N/A
2026-04-06T14:00:38+00:00,sep14,11103
2026-04-06T14:00:44+00:00,sep15,9694
2026-04-06T15:00:33+00:00,sep13,N/A
2026-04-06T15:00:39+00:00,sep14,11414
2026-04-06T15:00:45+00:00,sep15,9694
2026-04-06T16:00:36+00:00,sep13,N/A
2026-04-06T16:00:41+00:00,sep14,11414
2026-04-06T16:00:47+00:00,sep15,9694
2026-04-06T17:00:44+00:00,sep13,N/A
2026-04-06T17:00:50+00:00,sep14,11414
2026-04-06T17:00:55+00:00,sep15,9694
2026-04-06T18:00:34+00:00,sep13,N/A
2026-04-06T18:00:40+00:00,sep14,11414
2026-04-06T18:00:45+00:00,sep15,9694
2026-04-06T19:00:33+00:00,sep13,N/A
2026-04-06T19:00:39+00:00,sep14,10979
2026-04-06T19:00:45+00:00,sep15,9405
2026-04-06T20:00:34+00:00,sep13,N/A
2026-04-06T20:00:40+00:00,sep14,9337
2026-04-06T20:00:47+00:00,sep15,7763
2026-04-06T21:00:33+00:00,sep13,N/A
2026-04-06T21:00:39+00:00,sep14,9337
2026-04-06T21:00:45+00:00,sep15,7763
2026-04-06T22:00:37+00:00,sep13,N/A
2026-04-06T22:00:42+00:00,sep14,9337
2026-04-06T22:00:48+00:00,sep15,7763
2026-04-06T23:00:37+00:00,sep13,N/A
2026-04-06T23:00:43+00:00,sep14,9337
2026-04-06T23:00:49+00:00,sep15,7763
2026-04-07T00:00:37+00:00,sep13,N/A
2026-04-07T00:00:43+00:00,sep14,9337
2026-04-07T00:00:49+00:00,sep15,7763
2026-04-07T01:00:37+00:00,sep13,N/A
2026-04-07T01:00:42+00:00,sep14,9337
2026-04-07T01:00:48+00:00,sep15,7763
2026-04-07T02:00:36+00:00,sep13,N/A
2026-04-07T02:00:42+00:00,sep14,9337
2026-04-07T02:00:48+00:00,sep15,7763
2026-04-07T03:00:35+00:00,sep13,N/A
2026-04-07T03:00:41+00:00,sep14,9337
2026-04-07T03:00:46+00:00,sep15,7763
2026-04-07T04:00:35+00:00,sep13,N/A
2026-04-07T04:00:41+00:00,sep14,9326
2026-04-07T04:00:47+00:00,sep15,7745
2026-04-07T05:00:34+00:00,sep13,N/A
2026-04-07T05:00:40+00:00,sep14,9315
2026-04-07T05:00:46+00:00,sep15,7745
2026-04-07T07:00:38+00:00,sep13,N/A
2026-04-07T07:00:44+00:00,sep14,9315
2026-04-07T07:00:50+00:00,sep15,7745
2026-04-07T08:00:35+00:00,sep13,N/A
2026-04-07T08:00:41+00:00,sep14,9315
2026-04-07T08:00:47+00:00,sep15,7745
2026-04-07T09:00:37+00:00,sep13,N/A
2026-04-07T09:00:43+00:00,sep14,9315
2026-04-07T09:00:48+00:00,sep15,7745
2026-04-07T10:00:34+00:00,sep13,N/A
2026-04-07T10:00:40+00:00,sep14,9315
2026-04-07T10:00:45+00:00,sep15,7745
2026-04-07T11:00:36+00:00,sep13,N/A
2026-04-07T11:00:42+00:00,sep14,9315
2026-04-07T11:00:48+00:00,sep15,7745
2026-04-07T12:00:36+00:00,sep13,N/A
2026-04-07T12:00:42+00:00,sep14,9315
2026-04-07T12:00:47+00:00,sep15,7745
2026-04-07T13:00:38+00:00,sep13,N/A
2026-04-07T13:00:44+00:00,sep14,9315
2026-04-07T13:00:50+00:00,sep15,7745
2026-04-07T14:00:45+00:00,sep13,N/A
2026-04-07T14:00:51+00:00,sep14,9315
2026-04-07T14:00:57+00:00,sep15,7745
2026-04-07T15:00:42+00:00,sep13,N/A
2026-04-07T15:00:48+00:00,sep14,9315
2026-04-07T15:00:54+00:00,sep15,7745
2026-04-07T16:00:40+00:00,sep13,N/A
2026-04-07T16:00:46+00:00,sep14,9315
2026-04-07T16:00:51+00:00,sep15,7745
2026-04-07T17:00:39+00:00,sep13,N/A
2026-04-07T17:00:45+00:00,sep14,9315
2026-04-07T17:00:51+00:00,sep15,7745
2026-04-07T18:00:38+00:00,sep13,N/A
2026-04-07T18:00:44+00:00,sep14,9315
2026-04-07T18:00:50+00:00,sep15,7745
2026-04-07T19:00:39+00:00,sep13,N/A
2026-04-07T19:00:45+00:00,sep14,9315
2026-04-07T19:00:50+00:00,sep15,7745
2026-04-07T20:00:36+00:00,sep13,N/A
2026-04-07T20:00:41+00:00,sep14,9315
2026-04-07T20:00:47+00:00,sep15,7745
2026-04-07T21:00:35+00:00,sep13,N/A
2026-04-07T21:00:41+00:00,sep14,9315
2026-04-07T21:00:46+00:00,sep15,7745
2026-04-07T22:00:35+00:00,sep13,N/A
2026-04-07T22:00:41+00:00,sep14,9315
2026-04-07T22:00:46+00:00,sep15,7745
2026-04-07T23:00:34+00:00,sep13,N/A
2026-04-07T23:00:39+00:00,sep14,9315
2026-04-07T23:00:45+00:00,sep15,7745
2026-04-08T00:00:35+00:00,sep13,N/A
2026-04-08T00:00:41+00:00,sep14,9315
2026-04-08T00:00:47+00:00,sep15,7745
2026-04-08T01:00:34+00:00,sep13,N/A
2026-04-08T01:00:40+00:00,sep14,9315
2026-04-08T01:00:46+00:00,sep15,7745
2026-04-08T02:00:37+00:00,sep13,N/A
2026-04-08T02:00:43+00:00,sep14,9315
2026-04-08T02:00:48+00:00,sep15,7745
2026-04-08T03:00:32+00:00,sep13,N/A
2026-04-08T03:00:38+00:00,sep14,9315
2026-04-08T03:00:44+00:00,sep15,7745
2026-04-08T04:00:32+00:00,sep13,N/A
2026-04-08T04:00:38+00:00,sep14,9324
2026-04-08T04:00:44+00:00,sep15,7751
2026-04-08T05:00:34+00:00,sep13,N/A
2026-04-08T05:00:40+00:00,sep14,9332
2026-04-08T05:00:46+00:00,sep15,7759
2026-04-08T06:00:39+00:00,sep13,N/A
2026-04-08T06:00:45+00:00,sep14,9332
2026-04-08T06:00:50+00:00,sep15,7759
2026-04-08T07:00:35+00:00,sep13,N/A
2026-04-08T07:00:41+00:00,sep14,9332
2026-04-08T07:00:47+00:00,sep15,7759
2026-04-08T08:00:32+00:00,sep13,N/A
2026-04-08T08:00:38+00:00,sep14,9332
2026-04-08T08:00:43+00:00,sep15,7759
2026-04-08T09:00:34+00:00,sep13,N/A
2026-04-08T09:00:40+00:00,sep14,9332
2026-04-08T09:00:45+00:00,sep15,7759
2026-04-08T10:00:37+00:00,sep13,N/A
2026-04-08T10:00:43+00:00,sep14,9332
2026-04-08T10:00:48+00:00,sep15,7759
2026-04-08T11:00:36+00:00,sep13,N/A
2026-04-08T11:00:42+00:00,sep14,9332
2026-04-08T11:00:48+00:00,sep15,7759
2026-04-08T12:00:35+00:00,sep13,N/A
2026-04-08T12:00:41+00:00,sep14,9332
2026-04-08T12:00:47+00:00,sep15,7759
2026-04-08T13:00:37+00:00,sep13,N/A
2026-04-08T13:00:43+00:00,sep14,9383
2026-04-08T13:00:49+00:00,sep15,7862
2026-04-08T14:00:39+00:00,sep13,N/A
2026-04-08T14:00:45+00:00,sep14,9383
2026-04-08T14:00:50+00:00,sep15,7862
2026-04-08T15:00:47+00:00,sep13,N/A
2026-04-08T15:00:53+00:00,sep14,9383
2026-04-08T15:00:59+00:00,sep15,7862
2026-04-08T16:00:46+00:00,sep13,N/A
2026-04-08T16:00:51+00:00,sep14,9383
2026-04-08T16:00:57+00:00,sep15,7862
2026-04-08T17:00:35+00:00,sep13,N/A
2026-04-08T17:00:40+00:00,sep14,9383
2026-04-08T17:00:46+00:00,sep15,7862
2026-04-08T18:01:02+00:00,sep13,N/A
2026-04-08T18:01:07+00:00,sep14,9383
2026-04-08T18:01:13+00:00,sep15,7862
2026-04-08T19:00:42+00:00,sep13,N/A
2026-04-08T19:00:48+00:00,sep14,9383
2026-04-08T19:00:54+00:00,sep15,7862
2026-04-08T20:00:38+00:00,sep13,N/A
2026-04-08T20:00:44+00:00,sep14,9383
2026-04-08T20:00:50+00:00,sep15,7862
2026-04-08T21:00:34+00:00,sep13,N/A
2026-04-08T21:00:40+00:00,sep14,9383
2026-04-08T21:00:46+00:00,sep15,7862
2026-04-08T22:00:38+00:00,sep13,N/A
2026-04-08T22:00:44+00:00,sep14,9383
2026-04-08T22:00:49+00:00,sep15,7862
2026-04-08T23:00:34+00:00,sep13,N/A
2026-04-08T23:00:39+00:00,sep14,9383
2026-04-08T23:00:45+00:00,sep15,7862
2026-04-09T00:00:36+00:00,sep13,N/A
2026-04-09T00:00:42+00:00,sep14,9383
2026-04-09T00:00:47+00:00,sep15,7862
2026-04-09T01:00:32+00:00,sep13,N/A
2026-04-09T01:00:37+00:00,sep14,9383
2026-04-09T01:00:43+00:00,sep15,7862
2026-04-09T02:00:34+00:00,sep13,N/A
2026-04-09T02:00:40+00:00,sep14,9383
2026-04-09T02:00:45+00:00,sep15,7862
2026-04-09T03:00:36+00:00,sep13,N/A
2026-04-09T03:00:41+00:00,sep14,9383
2026-04-09T03:00:47+00:00,sep15,7862
2026-04-09T04:00:38+00:00,sep13,N/A
2026-04-09T04:00:44+00:00,sep14,9322
2026-04-09T04:00:50+00:00,sep15,7821
2026-04-09T05:00:34+00:00,sep13,N/A
2026-04-09T05:00:40+00:00,sep14,9260
2026-04-09T05:00:45+00:00,sep15,7759
2026-04-09T06:00:33+00:00,sep13,N/A
2026-04-09T06:00:39+00:00,sep14,9260
2026-04-09T06:00:44+00:00,sep15,7759
2026-04-09T07:00:41+00:00,sep13,N/A
2026-04-09T07:00:46+00:00,sep14,9260
2026-04-09T07:00:52+00:00,sep15,7759
2026-04-09T08:00:35+00:00,sep13,N/A
2026-04-09T08:00:41+00:00,sep14,9260
2026-04-09T08:00:46+00:00,sep15,7759
2026-04-09T09:00:35+00:00,sep13,N/A
2026-04-09T09:00:41+00:00,sep14,9260
2026-04-09T09:00:46+00:00,sep15,7759
2026-04-09T10:00:38+00:00,sep13,N/A
2026-04-09T10:00:44+00:00,sep14,9260
2026-04-09T10:00:49+00:00,sep15,7759
2026-04-09T11:00:37+00:00,sep13,N/A
2026-04-09T11:00:43+00:00,sep14,9260
2026-04-09T11:00:49+00:00,sep15,7759
2026-04-09T12:00:37+00:00,sep13,N/A
2026-04-09T12:00:43+00:00,sep14,9260
2026-04-09T12:00:49+00:00,sep15,7759
2026-04-09T13:00:36+00:00,sep13,N/A
2026-04-09T13:00:42+00:00,sep14,9260
2026-04-09T13:00:47+00:00,sep15,7759
2026-04-09T14:00:39+00:00,sep13,N/A
2026-04-09T14:00:45+00:00,sep14,9260
2026-04-09T14:00:50+00:00,sep15,7489
2026-04-09T15:00:40+00:00,sep13,N/A
2026-04-09T15:00:45+00:00,sep14,9260
2026-04-09T15:00:51+00:00,sep15,7489
2026-04-09T16:00:35+00:00,sep13,N/A
2026-04-09T16:00:41+00:00,sep14,9260
2026-04-09T16:00:47+00:00,sep15,7489
2026-04-09T17:00:35+00:00,sep13,N/A
2026-04-09T17:00:41+00:00,sep14,9260
2026-04-09T17:00:46+00:00,sep15,7489
2026-04-09T18:00:37+00:00,sep13,N/A
2026-04-09T18:00:42+00:00,sep14,9260
2026-04-09T18:00:48+00:00,sep15,7489
2026-04-09T19:00:40+00:00,sep13,N/A
2026-04-09T19:00:46+00:00,sep14,9260
2026-04-09T19:00:51+00:00,sep15,7489
2026-04-09T20:00:38+00:00,sep13,N/A
2026-04-09T20:00:43+00:00,sep14,9260
2026-04-09T20:00:49+00:00,sep15,7489
2026-04-09T21:00:40+00:00,sep13,N/A
2026-04-09T21:00:45+00:00,sep14,9260
2026-04-09T21:00:51+00:00,sep15,7489
2026-04-09T22:00:35+00:00,sep13,N/A
2026-04-09T22:00:40+00:00,sep14,9260
2026-04-09T22:00:46+00:00,sep15,7489
2026-04-09T23:00:32+00:00,sep13,N/A
2026-04-09T23:00:38+00:00,sep14,9260
2026-04-09T23:00:43+00:00,sep15,7489
2026-04-10T00:00:46+00:00,sep13,N/A
2026-04-10T00:00:52+00:00,sep14,9260
2026-04-10T00:00:57+00:00,sep15,7489
2026-04-10T01:00:33+00:00,sep13,N/A
2026-04-10T01:00:38+00:00,sep14,9260
2026-04-10T01:00:44+00:00,sep15,7489
2026-04-10T02:00:36+00:00,sep13,N/A
2026-04-10T02:00:41+00:00,sep14,9260
2026-04-10T02:00:47+00:00,sep15,7489
2026-04-10T03:00:35+00:00,sep13,N/A
2026-04-10T03:00:41+00:00,sep14,9260
2026-04-10T03:00:46+00:00,sep15,7489
2026-04-10T04:00:34+00:00,sep13,N/A
2026-04-10T04:00:40+00:00,sep14,9253
2026-04-10T04:00:45+00:00,sep15,7485
2026-04-10T05:00:35+00:00,sep13,N/A
2026-04-10T05:00:41+00:00,sep14,9246
2026-04-10T05:00:46+00:00,sep15,7478
2026-04-10T06:00:34+00:00,sep13,N/A
2026-04-10T06:00:39+00:00,sep14,9246
2026-04-10T06:00:45+00:00,sep15,7478
2026-04-10T07:00:35+00:00,sep13,N/A
2026-04-10T07:00:40+00:00,sep14,9246
2026-04-10T07:00:46+00:00,sep15,7478
2026-04-10T08:00:35+00:00,sep13,N/A
2026-04-10T08:00:40+00:00,sep14,9246
2026-04-10T08:00:46+00:00,sep15,7478
2026-04-10T09:00:37+00:00,sep13,N/A
2026-04-10T09:00:42+00:00,sep14,9246
2026-04-10T09:00:48+00:00,sep15,7478
2026-04-10T10:00:38+00:00,sep13,N/A
2026-04-10T10:00:44+00:00,sep14,9246
2026-04-10T10:00:50+00:00,sep15,7478
2026-04-10T11:00:38+00:00,sep13,N/A
2026-04-10T11:00:43+00:00,sep14,9246
2026-04-10T11:00:49+00:00,sep15,7478
2026-04-10T12:00:36+00:00,sep13,N/A
2026-04-10T12:00:42+00:00,sep14,9246
2026-04-10T12:00:47+00:00,sep15,7478
2026-04-10T13:00:38+00:00,sep13,N/A
2026-04-10T13:00:44+00:00,sep14,9246
2026-04-10T13:00:49+00:00,sep15,7478
2026-04-10T14:00:37+00:00,sep13,N/A
2026-04-10T14:00:43+00:00,sep14,9246
2026-04-10T14:00:49+00:00,sep15,7478
2026-04-10T15:00:34+00:00,sep13,N/A
2026-04-10T15:00:40+00:00,sep14,9246
2026-04-10T15:00:46+00:00,sep15,7478
2026-04-10T16:00:34+00:00,sep13,N/A
2026-04-10T16:00:39+00:00,sep14,9246
2026-04-10T16:00:45+00:00,sep15,7478
2026-04-10T17:00:36+00:00,sep13,N/A
2026-04-10T17:00:41+00:00,sep14,9246
2026-04-10T17:00:47+00:00,sep15,7478
2026-04-10T18:00:35+00:00,sep13,N/A
2026-04-10T18:00:40+00:00,sep14,9246
2026-04-10T18:00:46+00:00,sep15,7478
2026-04-10T19:00:34+00:00,sep13,N/A
2026-04-10T19:00:40+00:00,sep14,9246
2026-04-10T19:00:46+00:00,sep15,7478
2026-04-10T20:00:34+00:00,sep13,N/A
2026-04-10T20:00:40+00:00,sep14,9246
2026-04-10T20:00:45+00:00,sep15,7478
2026-04-10T21:00:32+00:00,sep13,N/A
2026-04-10T21:00:38+00:00,sep14,9246
2026-04-10T21:00:44+00:00,sep15,7478
2026-04-10T22:00:33+00:00,sep13,N/A
2026-04-10T22:00:39+00:00,sep14,9246
2026-04-10T22:00:44+00:00,sep15,7478
2026-04-10T23:00:33+00:00,sep13,N/A
2026-04-10T23:00:39+00:00,sep14,9246
2026-04-10T23:00:44+00:00,sep15,7478
2026-04-11T00:00:36+00:00,sep13,N/A
2026-04-11T00:00:41+00:00,sep14,9246
2026-04-11T00:00:47+00:00,sep15,7478
2026-04-11T01:00:37+00:00,sep13,N/A
2026-04-11T01:00:43+00:00,sep14,9246
2026-04-11T01:00:48+00:00,sep15,7478
2026-04-11T02:00:32+00:00,sep13,N/A
2026-04-11T02:00:38+00:00,sep14,9246
2026-04-11T02:00:43+00:00,sep15,7478
2026-04-11T03:00:33+00:00,sep13,N/A
2026-04-11T03:00:38+00:00,sep14,9246
2026-04-11T03:00:44+00:00,sep15,7478
2026-04-11T04:00:35+00:00,sep13,N/A
2026-04-11T04:00:40+00:00,sep14,9196
2026-04-11T04:00:46+00:00,sep15,7396
2026-04-11T05:00:31+00:00,sep13,N/A
2026-04-11T05:00:37+00:00,sep14,9144
2026-04-11T05:00:42+00:00,sep15,7396
2026-04-11T06:00:36+00:00,sep13,N/A
2026-04-11T06:00:42+00:00,sep14,9144
2026-04-11T06:00:47+00:00,sep15,7396
2026-04-11T07:00:35+00:00,sep13,N/A
2026-04-11T07:00:41+00:00,sep14,9144
2026-04-11T07:00:46+00:00,sep15,7396
2026-04-11T08:00:37+00:00,sep13,N/A
2026-04-11T08:00:42+00:00,sep14,9144
2026-04-11T08:00:48+00:00,sep15,7396
2026-04-11T09:00:34+00:00,sep13,N/A
2026-04-11T09:00:40+00:00,sep14,9144
2026-04-11T09:00:46+00:00,sep15,7396
2026-04-11T10:00:33+00:00,sep13,N/A
2026-04-11T10:00:38+00:00,sep14,9144
2026-04-11T10:00:44+00:00,sep15,7396
2026-04-11T11:00:35+00:00,sep13,N/A
2026-04-11T11:00:40+00:00,sep14,9144
2026-04-11T11:00:46+00:00,sep15,7396
2026-04-11T12:00:36+00:00,sep13,N/A
2026-04-11T12:00:42+00:00,sep14,9144
2026-04-11T12:00:48+00:00,sep15,7396
2026-04-11T13:00:33+00:00,sep13,N/A
2026-04-11T13:00:39+00:00,sep14,9144
2026-04-11T13:00:44+00:00,sep15,7396
2026-04-11T14:00:34+00:00,sep13,N/A
2026-04-11T14:00:39+00:00,sep14,9144
2026-04-11T14:00:45+00:00,sep15,7396
2026-04-11T15:00:33+00:00,sep13,N/A
2026-04-11T15:00:38+00:00,sep14,9144
2026-04-11T15:00:44+00:00,sep15,7396
2026-04-11T16:00:47+00:00,sep13,N/A
2026-04-11T16:00:52+00:00,sep14,9144
2026-04-11T16:00:58+00:00,sep15,7396
2026-04-11T17:00:34+00:00,sep13,N/A
2026-04-11T17:00:39+00:00,sep14,9144
2026-04-11T17:00:45+00:00,sep15,7396
2026-04-11T18:00:30+00:00,sep13,N/A
2026-04-11T18:00:36+00:00,sep14,9144
2026-04-11T18:00:41+00:00,sep15,7396
2026-04-11T19:00:35+00:00,sep13,N/A
2026-04-11T19:00:41+00:00,sep14,9144
2026-04-11T19:00:46+00:00,sep15,7396
2026-04-11T20:00:36+00:00,sep13,N/A
2026-04-11T20:00:41+00:00,sep14,9144
2026-04-11T20:00:47+00:00,sep15,7396
2026-04-11T21:00:32+00:00,sep13,N/A
2026-04-11T21:00:38+00:00,sep14,9144
2026-04-11T21:00:44+00:00,sep15,7396
2026-04-11T22:00:38+00:00,sep13,N/A
2026-04-11T22:00:44+00:00,sep14,9144
2026-04-11T22:00:49+00:00,sep15,7396
2026-04-11T23:00:31+00:00,sep13,N/A
2026-04-11T23:00:37+00:00,sep14,9144
2026-04-11T23:00:43+00:00,sep15,7396
2026-04-12T00:00:31+00:00,sep13,N/A
2026-04-12T00:00:37+00:00,sep14,9144
2026-04-12T00:00:43+00:00,sep15,7396
2026-04-12T01:00:30+00:00,sep13,N/A
2026-04-12T01:00:36+00:00,sep14,9144
2026-04-12T01:00:42+00:00,sep15,7396
2026-04-12T02:00:37+00:00,sep13,N/A
2026-04-12T02:00:42+00:00,sep14,9144
2026-04-12T02:00:48+00:00,sep15,7396
2026-04-12T03:00:34+00:00,sep13,N/A
2026-04-12T03:00:40+00:00,sep14,9144
2026-04-12T03:00:45+00:00,sep15,7396
2026-04-12T04:00:37+00:00,sep13,N/A
2026-04-12T04:00:43+00:00,sep14,9144
2026-04-12T04:00:48+00:00,sep15,7396
2026-04-12T05:00:33+00:00,sep13,N/A
2026-04-12T05:00:38+00:00,sep14,9144
2026-04-12T05:00:44+00:00,sep15,7396
2026-04-12T06:00:33+00:00,sep13,N/A
2026-04-12T06:00:39+00:00,sep14,9144
2026-04-12T06:00:44+00:00,sep15,7396
2026-04-12T07:00:37+00:00,sep13,N/A
2026-04-12T07:00:43+00:00,sep14,9144
2026-04-12T07:00:48+00:00,sep15,7396
2026-04-12T08:00:35+00:00,sep13,N/A
2026-04-12T08:00:40+00:00,sep14,9144
2026-04-12T08:00:46+00:00,sep15,7396
2026-04-12T09:00:30+00:00,sep13,N/A
2026-04-12T09:00:36+00:00,sep14,9144
2026-04-12T09:00:41+00:00,sep15,7396
2026-04-12T10:00:34+00:00,sep13,N/A
2026-04-12T10:00:40+00:00,sep14,9144
2026-04-12T10:00:46+00:00,sep15,7396
2026-04-12T11:00:39+00:00,sep13,N/A
2026-04-12T11:00:45+00:00,sep14,9144
2026-04-12T11:00:50+00:00,sep15,7396
2026-04-12T12:00:32+00:00,sep13,N/A
2026-04-12T12:00:38+00:00,sep14,9144
2026-04-12T12:00:43+00:00,sep15,7396
2026-04-12T13:00:34+00:00,sep13,N/A
2026-04-12T13:00:40+00:00,sep14,9144
2026-04-12T13:00:45+00:00,sep15,7396
2026-04-12T14:00:35+00:00,sep13,N/A
2026-04-12T14:00:40+00:00,sep14,9144
2026-04-12T14:00:46+00:00,sep15,7396
2026-04-12T15:00:38+00:00,sep13,N/A
2026-04-12T15:00:43+00:00,sep14,9144
2026-04-12T15:00:49+00:00,sep15,7396
2026-04-12T16:00:33+00:00,sep13,N/A
2026-04-12T16:00:38+00:00,sep14,9144
2026-04-12T16:00:44+00:00,sep15,7396
2026-04-12T17:00:31+00:00,sep13,N/A
2026-04-12T17:00:36+00:00,sep14,9144
2026-04-12T17:00:42+00:00,sep15,7396
2026-04-12T18:00:31+00:00,sep13,N/A
2026-04-12T18:00:37+00:00,sep14,9144
2026-04-12T18:00:42+00:00,sep15,7396
2026-04-12T19:00:30+00:00,sep13,N/A
2026-04-12T19:00:36+00:00,sep14,9144
2026-04-12T19:00:41+00:00,sep15,7396
2026-04-12T20:00:33+00:00,sep13,N/A
2026-04-12T20:00:39+00:00,sep14,9144
2026-04-12T20:00:44+00:00,sep15,7396
2026-04-12T21:00:29+00:00,sep13,N/A
2026-04-12T21:00:34+00:00,sep14,9144
2026-04-12T21:00:40+00:00,sep15,7396
2026-04-12T22:00:29+00:00,sep13,N/A
2026-04-12T22:00:35+00:00,sep14,9144
2026-04-12T22:00:40+00:00,sep15,7396
2026-04-12T23:00:34+00:00,sep13,N/A
2026-04-12T23:00:39+00:00,sep14,9144
2026-04-12T23:00:45+00:00,sep15,7396
2026-04-13T00:00:33+00:00,sep13,N/A
2026-04-13T00:00:39+00:00,sep14,9144
2026-04-13T00:00:45+00:00,sep15,7396
2026-04-13T01:00:33+00:00,sep13,N/A
2026-04-13T01:00:38+00:00,sep14,9144
2026-04-13T01:00:44+00:00,sep15,7396
2026-04-13T02:00:31+00:00,sep13,N/A
2026-04-13T02:00:37+00:00,sep14,9144
2026-04-13T02:00:42+00:00,sep15,7396
2026-04-13T03:00:29+00:00,sep13,N/A
2026-04-13T03:00:35+00:00,sep14,9144
2026-04-13T03:00:41+00:00,sep15,7396
2026-04-13T04:00:34+00:00,sep13,N/A
2026-04-13T04:00:39+00:00,sep14,9144
2026-04-13T04:00:45+00:00,sep15,7396
2026-04-13T05:00:34+00:00,sep13,N/A
2026-04-13T05:00:40+00:00,sep14,9144
2026-04-13T05:00:46+00:00,sep15,7396
2026-04-13T06:00:32+00:00,sep13,N/A
2026-04-13T06:00:38+00:00,sep14,9144
2026-04-13T06:00:44+00:00,sep15,7396
2026-04-13T07:00:36+00:00,sep13,N/A
2026-04-13T07:00:41+00:00,sep14,9144
2026-04-13T07:00:47+00:00,sep15,7396
2026-04-13T08:00:35+00:00,sep13,N/A
2026-04-13T08:00:41+00:00,sep14,9144
2026-04-13T08:00:47+00:00,sep15,7396
2026-04-13T09:00:33+00:00,sep13,N/A
2026-04-13T09:00:39+00:00,sep14,9144
2026-04-13T09:00:44+00:00,sep15,7396
2026-04-13T10:00:33+00:00,sep13,N/A
2026-04-13T10:00:38+00:00,sep14,9144
2026-04-13T10:00:44+00:00,sep15,7396
2026-04-13T11:00:36+00:00,sep13,N/A
2026-04-13T11:00:42+00:00,sep14,9144
2026-04-13T11:00:47+00:00,sep15,7396
2026-04-13T12:00:35+00:00,sep13,N/A
2026-04-13T12:00:41+00:00,sep14,9144
2026-04-13T12:00:46+00:00,sep15,7396
2026-04-13T13:00:36+00:00,sep13,N/A
2026-04-13T13:00:41+00:00,sep14,9144
2026-04-13T13:00:47+00:00,sep15,7396
2026-04-13T14:00:33+00:00,sep13,N/A
2026-04-13T14:00:38+00:00,sep14,9144
2026-04-13T14:00:44+00:00,sep15,7396
2026-04-13T15:00:34+00:00,sep13,N/A
2026-04-13T15:00:41+00:00,sep14,9144
2026-04-13T15:00:46+00:00,sep15,7396
2026-04-13T16:00:30+00:00,sep13,N/A
2026-04-13T16:00:36+00:00,sep14,9144
2026-04-13T16:00:42+00:00,sep15,7396
2026-04-13T18:00:39+00:00,sep13,N/A
2026-04-13T18:00:45+00:00,sep14,9144
2026-04-13T18:00:51+00:00,sep15,7396
2026-04-13T19:00:37+00:00,sep13,N/A
2026-04-13T19:00:43+00:00,sep14,9144
2026-04-13T19:00:48+00:00,sep15,7396
2026-04-13T20:00:31+00:00,sep13,N/A
2026-04-13T20:00:37+00:00,sep14,9144
2026-04-13T20:00:43+00:00,sep15,7396
2026-04-13T21:00:36+00:00,sep13,N/A
2026-04-13T21:00:42+00:00,sep14,9144
2026-04-13T21:00:48+00:00,sep15,7396
2026-04-13T22:00:33+00:00,sep13,N/A
2026-04-13T22:00:38+00:00,sep14,9144
2026-04-13T22:00:44+00:00,sep15,7396
2026-04-13T23:00:32+00:00,sep13,N/A
2026-04-13T23:00:38+00:00,sep14,9144
2026-04-13T23:00:43+00:00,sep15,7396
2026-04-14T00:00:31+00:00,sep13,N/A
2026-04-14T00:00:37+00:00,sep14,9144
2026-04-14T00:00:43+00:00,sep15,7396
2026-04-14T01:00:37+00:00,sep13,N/A
2026-04-14T01:00:42+00:00,sep14,9144
2026-04-14T01:00:48+00:00,sep15,7396
2026-04-14T02:00:31+00:00,sep13,N/A
2026-04-14T02:00:37+00:00,sep14,9144
2026-04-14T02:00:42+00:00,sep15,7396
2026-04-14T03:00:31+00:00,sep13,N/A
2026-04-14T03:00:37+00:00,sep14,9144
2026-04-14T03:00:43+00:00,sep15,7396
2026-04-14T04:00:31+00:00,sep13,N/A
2026-04-14T04:00:37+00:00,sep14,9147
2026-04-14T04:00:43+00:00,sep15,7398
2026-04-14T05:00:35+00:00,sep13,N/A
2026-04-14T05:00:41+00:00,sep14,9147
2026-04-14T05:00:46+00:00,sep15,7398
2026-04-14T06:00:31+00:00,sep13,N/A
2026-04-14T06:00:37+00:00,sep14,9147
2026-04-14T06:00:43+00:00,sep15,7398
2026-04-14T07:00:36+00:00,sep13,N/A
2026-04-14T07:00:42+00:00,sep14,9147
2026-04-14T07:00:47+00:00,sep15,7398
2026-04-14T08:00:35+00:00,sep13,N/A
2026-04-14T08:00:41+00:00,sep14,9147
2026-04-14T08:00:47+00:00,sep15,7398
2026-04-14T09:00:38+00:00,sep13,N/A
2026-04-14T09:00:43+00:00,sep14,9147
2026-04-14T09:00:49+00:00,sep15,7398
2026-04-14T10:00:32+00:00,sep13,N/A
2026-04-14T10:00:38+00:00,sep14,9147
2026-04-14T10:00:44+00:00,sep15,7398
2026-04-14T11:00:35+00:00,sep13,N/A
2026-04-14T11:00:41+00:00,sep14,9147
2026-04-14T11:00:47+00:00,sep15,7398
2026-04-14T12:00:34+00:00,sep13,N/A
2026-04-14T12:00:40+00:00,sep14,9147
2026-04-14T12:00:45+00:00,sep15,7398
2026-04-14T13:00:32+00:00,sep13,N/A
2026-04-14T13:00:37+00:00,sep14,9147
2026-04-14T13:00:43+00:00,sep15,7398
2026-04-14T14:00:38+00:00,sep13,N/A
2026-04-14T14:00:44+00:00,sep14,9147
2026-04-14T14:00:50+00:00,sep15,7398
2026-04-14T15:00:36+00:00,sep13,N/A
2026-04-14T15:00:42+00:00,sep14,9147
2026-04-14T15:00:48+00:00,sep15,7398
2026-04-14T16:00:37+00:00,sep13,N/A
2026-04-14T16:00:42+00:00,sep14,9147
2026-04-14T16:00:48+00:00,sep15,7398
2026-04-14T17:00:37+00:00,sep13,N/A
2026-04-14T17:00:43+00:00,sep14,9147
2026-04-14T17:00:49+00:00,sep15,7398
2026-04-14T18:00:34+00:00,sep13,N/A
2026-04-14T18:00:40+00:00,sep14,9147
2026-04-14T18:00:46+00:00,sep15,7398
2026-04-14T19:00:36+00:00,sep13,N/A
2026-04-14T19:00:41+00:00,sep14,9147
2026-04-14T19:00:47+00:00,sep15,7398
2026-04-14T20:00:32+00:00,sep13,N/A
2026-04-14T20:00:38+00:00,sep14,9147
2026-04-14T20:00:44+00:00,sep15,7398
2026-04-14T21:00:35+00:00,sep13,N/A
2026-04-14T21:00:41+00:00,sep14,9147
2026-04-14T21:00:47+00:00,sep15,7398
2026-04-14T22:00:36+00:00,sep13,N/A
2026-04-14T22:00:42+00:00,sep14,9147
2026-04-14T22:00:47+00:00,sep15,7398
2026-04-14T23:00:36+00:00,sep13,N/A
2026-04-14T23:00:42+00:00,sep14,9147
2026-04-14T23:00:48+00:00,sep15,7398
2026-04-15T00:00:49+00:00,sep13,N/A
2026-04-15T00:00:55+00:00,sep14,9147
2026-04-15T00:01:01+00:00,sep15,7398
2026-04-15T01:00:35+00:00,sep13,N/A
2026-04-15T01:00:40+00:00,sep14,9147
2026-04-15T01:00:46+00:00,sep15,7398
2026-04-15T02:00:31+00:00,sep13,N/A
2026-04-15T02:00:37+00:00,sep14,9147
2026-04-15T02:00:42+00:00,sep15,7398
2026-04-15T03:00:34+00:00,sep13,N/A
2026-04-15T03:00:40+00:00,sep14,9147
2026-04-15T03:00:46+00:00,sep15,7398
2026-04-15T04:00:33+00:00,sep13,N/A
2026-04-15T04:00:38+00:00,sep14,9072
2026-04-15T04:00:44+00:00,sep15,7361
2026-04-15T05:00:32+00:00,sep13,N/A
2026-04-15T05:00:38+00:00,sep14,9072
2026-04-15T05:00:44+00:00,sep15,7338
2026-04-15T06:00:30+00:00,sep13,N/A
2026-04-15T06:00:36+00:00,sep14,9072
2026-04-15T06:00:42+00:00,sep15,7338
2026-04-15T07:00:31+00:00,sep13,N/A
2026-04-15T07:00:37+00:00,sep14,9072
2026-04-15T07:00:43+00:00,sep15,7338
2026-04-15T08:00:33+00:00,sep13,N/A
2026-04-15T08:00:38+00:00,sep14,9072
2026-04-15T08:00:44+00:00,sep15,7338
2026-04-15T09:00:33+00:00,sep13,N/A
2026-04-15T09:00:39+00:00,sep14,9072
2026-04-15T09:00:45+00:00,sep15,7338
2026-04-15T10:00:32+00:00,sep13,N/A
2026-04-15T10:00:37+00:00,sep14,9072
2026-04-15T10:00:43+00:00,sep15,7338
2026-04-15T11:00:36+00:00,sep13,N/A
2026-04-15T11:00:42+00:00,sep14,9072
2026-04-15T11:00:48+00:00,sep15,7338
2026-04-15T12:00:35+00:00,sep13,N/A
2026-04-15T12:00:41+00:00,sep14,9072
2026-04-15T12:00:46+00:00,sep15,7338
